Member ID,Name,Payment Due Date,Latest Payment
1,Omar,2025-04-16,2025-03-24
2,Sara,2025-04-18,2025-03-26
3,Ali,2025-04-18,2025-03-24
4,Fatima,2025-04-02,2025-03-05
5,Khalid,2025-04-29,2025-03-30
6,Layla,2025-04-08,2025-03-14
7,Zain,2025-04-02,2025-03-07
8,Aisha,2025-04-27,2025-04-04
9,Tariq,2025-04-17,2025-03-26
10,Nour,2025-04-24,2025-03-25
11,Yusuf,2025-04-08,2025-03-17
12,Hana,2025-04-23,2025-04-01
13,Salim,2025-04-03,2025-03-13
14,Mariam,2025-03-22,2025-03-02
15,Rami,2025-03-28,2025-03-06
16,Jana,2025-04-06,2025-03-12
17,Samir,2025-04-20,2025-03-27
18,Lina,2025-03-31,2025-03-04
19,Adil,2025-03-27,2025-02-25
20,Rania,2025-03-30,2025-03-09
21,Bilal,2025-04-26,2025-03-31
22,Amira,2025-03-23,2025-02-22
23,Faris,2025-04-27,2025-04-04
24,Sana,2025-04-15,2025-03-25
25,Karim,2025-03-22,2025-02-26
26,Noor,2025-05-01,2025-04-10
27,Hadi,2025-04-23,2025-04-03
28,Yara,2025-04-21,2025-03-30
29,Nabil,2025-04-02,2025-03-08
30,Dina,2025-03-28,2025-03-03
31,Ibrahim,2025-03-24,2025-02-26
32,Rula,2025-03-28,2025-02-26
33,Othman,2025-04-12,2025-03-13
34,Rasha,2025-05-01,2025-04-07
35,Majid,2025-04-26,2025-04-02
36,Lamis,2025-03-22,2025-02-21
37,Walid,2025-04-17,2025-03-26
38,Nisreen,2025-04-01,2025-03-05
39,Zayd,2025-04-10,2025-03-16
40,Najwa,2025-04-07,2025-03-09
41,Kareem,2025-04-05,2025-03-08
42,Sahar,2025-03-28,2025-03-08
43,Ghassan,2025-04-02,2025-03-08
44,Reem,2025-04-27,2025-03-28
45,Hussein,2025-04-23,2025-03-27
46,Laila,2025-03-24,2025-02-23
47,Jamal,2025-04-07,2025-03-12
48,Lubna,2025-04-29,2025-04-04
49,Nadir,2025-04-20,2025-03-23
50,Salma,2025-04-03,2025-03-11
